"Source:","D:\GitHubRepos\__ENGEDU\2022_Special_Topics\Training_Based\Training_Based.kicad_sch"
"Date:","17/8/2565 14:44:45"
"Tool:","Eeschema (6.99.0-2815-gbbc0c61ccb)"
"Generator:","C:\Program Files\KiCad\6.99\bin\scripting\plugins\bom_csv_grouped_by_value_with_fp.py"
"Component Count:","140"
"Ref","Qnty","Value","Cmp name","Footprint","Description","Vendor"
"BZ1, ","1","Buzzer (IN)","Buzzer","Buzzer_Beeper:Buzzer_12x9.5RM7.6","Buzzer, polarized",""
"BZ2, ","1","Buzzer (EX)","Buzzer","Buzzer_Beeper:Buzzer_12x9.5RM7.6","Buzzer, polarized",""
"C1, ","1","22uF/6.3V","C","Capacitor_SMD:C_0603_1608Metric","",""
"C2, ","1","1nF/50V","C","Capacitor_SMD:C_0603_1608Metric","",""
"C3, C5, ","2","100uF/35V","C_Polarized_Small_US","Capacitor_SMD:CP_Elec_6.3x7.7","Polarized capacitor, small US symbol",""
"C4, ","1","100nF/50V","C","Capacitor_SMD:C_0603_1608Metric","",""
"C6, C8, ","2","1nF","C_Small","Capacitor_SMD:C_0603_1608Metric","Unpolarized capacitor, small symbol",""
"C7, ","1","0.1uF","C_Small","Capacitor_SMD:C_0603_1608Metric","Unpolarized capacitor, small symbol",""
"D1, D2, ","2","M7","D","Training_Based:DO-214AC","Diode",""
"D3, ","1","BZX84C3V3LT1G","D_Zener_Dual_CommonCathode_AAK_Split","Package_TO_SOT_SMD:SOT-323_SC-70","Dual Zener diode, common anode on pin 1",""
"F1, ","1","3.00A","Polyfuse","Fuse:Fuse_1210_3225Metric","Resettable fuse, polymeric positive temperature coefficient",""
"H1, H2, H3, H4, ","4","MountingHole_Pad","MountingHole_Pad","MountingHole:MountingHole_3.2mm_M3_Pad_Via","Mounting Hole with connection",""
"J1, ","1","ESP32_LEFT_A","Conn_01x19","Connector_PinHeader_2.54mm:PinHeader_1x19_P2.54mm_Vertical","Generic connector, single row, 01x19, script generated (kicad-library-utils/schlib/autogen/connector/)",""
"J2, ","1","ESP32_LEFT_B","Conn_01x19","Connector_PinSocket_2.54mm:PinSocket_1x19_P2.54mm_Vertical","Generic connector, single row, 01x19, script generated (kicad-library-utils/schlib/autogen/connector/)",""
"J3, ","1","ESP32_RIGHT_A","Conn_01x19","Connector_PinSocket_2.54mm:PinSocket_1x19_P2.54mm_Vertical","Generic connector, single row, 01x19, script generated (kicad-library-utils/schlib/autogen/connector/)",""
"J4, ","1","ESP32_RIGHT_B","Conn_01x19","Connector_PinHeader_2.54mm:PinHeader_1x19_P2.54mm_Vertical","Generic connector, single row, 01x19, script generated (kicad-library-utils/schlib/autogen/connector/)",""
"J5, ","1","LED x8","Conn_01x08","Connector_PinSocket_2.54mm:PinSocket_1x08_P2.54mm_Vertical","Generic connector, single row, 01x08, script generated (kicad-library-utils/schlib/autogen/connector/)",""
"J6, ","1","TEMP-HUMID","Conn_02x02_Odd_Even","Connector_PinSocket_2.54mm:PinSocket_2x02_P2.54mm_Vertical","Generic connector, double row, 02x02, odd/even pin numbering scheme (row 1 odd numbers, row 2 even numbers), script generated (kicad-library-utils/schlib/autogen/connector/)",""
"J7, ","1","Ultrasonic","Conn_02x02_Odd_Even","Connector_PinSocket_2.54mm:PinSocket_2x02_P2.54mm_Vertical","Generic connector, double row, 02x02, odd/even pin numbering scheme (row 1 odd numbers, row 2 even numbers), script generated (kicad-library-utils/schlib/autogen/connector/)",""
"J8, ","1","Buzzer","Conn_02x02_Odd_Even","Connector_PinSocket_2.54mm:PinSocket_2x02_P2.54mm_Vertical","Generic connector, double row, 02x02, odd/even pin numbering scheme (row 1 odd numbers, row 2 even numbers), script generated (kicad-library-utils/schlib/autogen/connector/)",""
"J9, ","1","RELAY","Conn_02x02_Odd_Even","Connector_PinSocket_2.54mm:PinSocket_2x02_P2.54mm_Vertical","Generic connector, double row, 02x02, odd/even pin numbering scheme (row 1 odd numbers, row 2 even numbers), script generated (kicad-library-utils/schlib/autogen/connector/)",""
"J10, ","1","7 Segment Digit","Conn_02x08_Odd_Even","Connector_PinSocket_2.54mm:PinSocket_2x08_P2.54mm_Vertical","Generic connector, double row, 02x08, odd/even pin numbering scheme (row 1 odd numbers, row 2 even numbers), script generated (kicad-library-utils/schlib/autogen/connector/)",""
"J11, ","1","7 Segment Common","Conn_02x02_Odd_Even","Connector_PinSocket_2.54mm:PinSocket_2x02_P2.54mm_Vertical","Generic connector, double row, 02x02, odd/even pin numbering scheme (row 1 odd numbers, row 2 even numbers), script generated (kicad-library-utils/schlib/autogen/connector/)",""
"J12, ","1","SERVO MOTOR","Conn_02x02_Odd_Even","Connector_PinSocket_2.54mm:PinSocket_2x02_P2.54mm_Vertical","Generic connector, double row, 02x02, odd/even pin numbering scheme (row 1 odd numbers, row 2 even numbers), script generated (kicad-library-utils/schlib/autogen/connector/)",""
"J13, ","1","SERVO 1","Conn_01x03","Connector_PinHeader_2.54mm:PinHeader_1x03_P2.54mm_Vertical","Generic connector, single row, 01x03, script generated (kicad-library-utils/schlib/autogen/connector/)",""
"J14, ","1","SERVO 2","Conn_01x03","Connector_PinHeader_2.54mm:PinHeader_1x03_P2.54mm_Vertical","Generic connector, single row, 01x03, script generated (kicad-library-utils/schlib/autogen/connector/)",""
"J15, ","1","OPTO ISOLATOR","Conn_02x02_Odd_Even","Connector_PinSocket_2.54mm:PinSocket_2x02_P2.54mm_Vertical","Generic connector, double row, 02x02, odd/even pin numbering scheme (row 1 odd numbers, row 2 even numbers), script generated (kicad-library-utils/schlib/autogen/connector/)",""
"J16, ","1","OPTO","Conn_02x03_Odd_Even","Connector_PinSocket_2.54mm:PinSocket_2x03_P2.54mm_Vertical","Generic connector, double row, 02x03, odd/even pin numbering scheme (row 1 odd numbers, row 2 even numbers), script generated (kicad-library-utils/schlib/autogen/connector/)",""
"J17, ","1","SWITCH","Conn_02x05_Odd_Even","Connector_PinSocket_2.54mm:PinSocket_2x05_P2.54mm_Vertical","Generic connector, double row, 02x05, odd/even pin numbering scheme (row 1 odd numbers, row 2 even numbers), script generated (kicad-library-utils/schlib/autogen/connector/)",""
"J18, ","1","Analog Input","Conn_02x02_Odd_Even","Connector_PinSocket_2.54mm:PinSocket_2x02_P2.54mm_Vertical","Generic connector, double row, 02x02, odd/even pin numbering scheme (row 1 odd numbers, row 2 even numbers), script generated (kicad-library-utils/schlib/autogen/connector/)",""
"J19, ","1","USB_B_Mini","USB_B_Mini","Connector_USB:USB_Mini-B_Lumberg_2486_01_Horizontal","USB Mini Type B connector",""
"J20, ","1","+5V","Conn_02x05_Odd_Even","Connector_PinSocket_2.54mm:PinSocket_2x05_P2.54mm_Vertical","Generic connector, double row, 02x05, odd/even pin numbering scheme (row 1 odd numbers, row 2 even numbers), script generated (kicad-library-utils/schlib/autogen/connector/)",""
"J21, ","1","+3.3V","Conn_02x05_Odd_Even","Connector_PinSocket_2.54mm:PinSocket_2x05_P2.54mm_Vertical","Generic connector, double row, 02x05, odd/even pin numbering scheme (row 1 odd numbers, row 2 even numbers), script generated (kicad-library-utils/schlib/autogen/connector/)",""
"J22, ","1","GND","Conn_02x05_Odd_Even","Connector_PinSocket_2.54mm:PinSocket_2x05_P2.54mm_Vertical","Generic connector, double row, 02x05, odd/even pin numbering scheme (row 1 odd numbers, row 2 even numbers), script generated (kicad-library-utils/schlib/autogen/connector/)",""
"J23, J24, ","2","Conn_01x08","Conn_01x08","Connector_PinSocket_2.54mm:PinSocket_1x08_P2.54mm_Vertical","Generic connector, single row, 01x08, script generated (kicad-library-utils/schlib/autogen/connector/)",""
"K1, K2, ","2","FINDER-36.11","FINDER-36.11","Relay_THT:Relay_SPDT_Finder_36.11","FINDER 36.11, SPDT relay, 10A",""
"L1, ","1","2.2uH/1.5A","L","Inductor_SMD:L_Neosid_SMS-ME3015","",""
"LED1, LED2, LED3, LED4, LED5, LED6, LED7, LED8, LED9, LED10, LED11, LED12, LED13, ","13","RED 1206","LED","LED_SMD:LED_1206_3216Metric","Light emitting diode",""
"P1, ","1","K1","Screw_Terminal_01x03","TerminalBlock_MetzConnect:TerminalBlock_MetzConnect_Type059_RT06303HBWC_1x03_P3.50mm_Horizontal","Generic screw terminal, single row, 01x03, script generated (kicad-library-utils/schlib/autogen/connector/)",""
"P2, ","1","K2","Screw_Terminal_01x03","TerminalBlock_MetzConnect:TerminalBlock_MetzConnect_Type059_RT06303HBWC_1x03_P3.50mm_Horizontal","Generic screw terminal, single row, 01x03, script generated (kicad-library-utils/schlib/autogen/connector/)",""
"P3, ","1","OPTO INPUT 1","Screw_Terminal_01x02","TerminalBlock_MetzConnect:TerminalBlock_MetzConnect_Type059_RT06302HBWC_1x02_P3.50mm_Horizontal","Generic screw terminal, single row, 01x02, script generated (kicad-library-utils/schlib/autogen/connector/)",""
"P4, ","1","OPTO INPUT 2","Screw_Terminal_01x02","TerminalBlock_MetzConnect:TerminalBlock_MetzConnect_Type059_RT06302HBWC_1x02_P3.50mm_Horizontal","Generic screw terminal, single row, 01x02, script generated (kicad-library-utils/schlib/autogen/connector/)",""
"P5, ","1","Voltage Input","Screw_Terminal_01x02","TerminalBlock_MetzConnect:TerminalBlock_MetzConnect_Type059_RT06302HBWC_1x02_P3.50mm_Horizontal","Generic screw terminal, single row, 01x02, script generated (kicad-library-utils/schlib/autogen/connector/)",""
"PIR1, ","1","PIR_Motion_Sensor","PIR_Motion_Sensor","Sensors:PIR_HC-SR501","PIR motion sensor",""
"Q1, Q2, Q3, Q4, Q5, Q6, Q7, Q8, Q9, Q10, Q11, Q12, Q13, Q14, ","14","BC817","BC817","Package_TO_SOT_SMD:SOT-23","0.8A Ic, 45V Vce, NPN Transistor, SOT-23",""
"R1, R4, R6, R8, R10, R12, R14, R16, R23, R24, R25, R26, R27, R28, R29, R30, R31, R32, R39, R42, R45, ","21","470","R_Small","Resistor_SMD:R_0603_1608Metric","Resistor, small symbol",""
"R2, R3, R5, R7, R9, R11, R13, R15, R17, R18, R38, R40, R41, R48, R49, R50, ","16","10k","R_Small","Resistor_SMD:R_0603_1608Metric","Resistor, small symbol",""
"R19, R20, R21, R22, ","4","4.7k","R_Small","Resistor_SMD:R_0603_1608Metric","Resistor, small symbol",""
"R33, R34, ","2","1k","R_Small","Resistor_THT:R_Axial_DIN0207_L6.3mm_D2.5mm_P10.16mm_Horizontal","Resistor, small symbol",""
"R35, R36, ","2","47k","R_Small","Resistor_SMD:R_0603_1608Metric","Resistor, small symbol",""
"R37, ","1","LDR07","LDR07","OptoDevice:R_LDR_5.1x4.3mm_P3.4mm_Vertical","light dependent resistor",""
"R43, ","1","100k","R_Small","Resistor_THT:R_Axial_DIN0207_L6.3mm_D2.5mm_P10.16mm_Horizontal","Resistor, small symbol",""
"R44, ","1","10k","R_Small","Resistor_THT:R_Axial_DIN0207_L6.3mm_D2.5mm_P10.16mm_Horizontal","Resistor, small symbol",""
"R46, ","1","220k","R","Resistor_SMD:R_0603_1608Metric","",""
"R47, ","1","49.9k/1%","R","Resistor_SMD:R_0603_1608Metric","",""
"RV1, ","1","50kB","R_Potentiometer","Potentiometer_THT:Potentiometer_Alps_RK163_Single_Horizontal","Potentiometer",""
"SW1, ","1","RotaryEncoder_Switch","RotaryEncoder_Switch","Rotary_Encoder:RotaryEncoder_Alps_EC11E-Switch_Vertical_H20mm","Rotary encoder, dual channel, incremental quadrate outputs, with switch",""
"SW2, SW3, ","2","SW_Push","SW_Push","Button_Switch_THT:SW_PUSH_6mm_H5mm","Push button switch, generic, two pins",""
"TH2, ","1","DHT22_Temperature_Humidity","DHT22_Temperature_Humidity","Connector_PinSocket_2.54mm:PinSocket_1x04_P2.54mm_Vertical","A DHT22 temperature and humidity sensor",""
"U1, ","1","HC-SR04","HC-SR04","Library:HC-SR04","",""
"U2, ","1","Protoboard","Protoboard","Library:Protoboard","",""
"U3, ","1","esp32_38_pins-custom_library","esp32_38_pins-custom_library","Library:ESP32-DevKitC","",""
"U4, ","1","DC56-11SURKWA","DC56-11SURKWA","Display_7Segment:DA56-11SURKWA","Double digit 7 segment hyper red LED common cathode",""
"U5, ","1","LTV-827","LTV-827","Package_DIP:DIP-8_W7.62mm","Dual DC Optocoupler, Vce 35V, CTR 50%, DIP-8",""
"U6, ","1","TSOP382xx","TSOP382xx","OptoDevice:Vishay_MINICAST-3Pin","Photo Modules for PCM Remote Control Systems",""
"U7, ","1","SY8089AAAC(SOT23-5)","SY8009AAAC(SOT23-5)","Package_TO_SOT_SMD:SOT-23-5","",""
